producto,categoria,proveedor,fecha_compra,costo_neto_unitario,precio_sugerido_20,precio_sugerido_25
"BYE ZUKO HORCHATA C/8 SOBRES 8 GR","Abarrotes","LEHEGA","2026-10-07",58.00,70.00,72.50
"BYE ZUKO JAMAICA C/8 SOBRES 8 GR","Abarrotes","LEHEGA","2026-10-07",58.00,70.00,72.50
"BYE ZUKO LIMON C/8 SOBRES 8 GR","Abarrotes","LEHEGA","2026-10-07",58.00,70.00,72.50
"BYE ZUKO MANGO C/8 SOBRES 8 GR","Abarrotes","LEHEGA","2026-10-07",58.00,70.00,72.50
"BYE ZUKO NARANJA C/8 SOBRES 8 GR","Abarrotes","LEHEGA","2026-10-07",58.00,70.00,72.50
"BYE ZUKO PINA C/8 SOBRES 8 GR","Abarrotes","LEHEGA","2026-10-07",58.00,70.00,72.50
"BYE ZUKO TAMARINDO C/8 SOBRES 8 GR","Abarrotes","LEHEGA","2026-10-07",58.00,70.00,72.50
"BYE ZUKO TE VERDE LIMON C/8 SOBRES 8 GR","Abarrotes","LEHEGA","2026-10-07",89.00,107.00,111.50
"COFFEE-MATE C/10 SOBRES 34 G","Abarrotes","LEHEGA","2026-10-07",79.50,95.50,99.50
"DULCAS GUSANO CHAMOY C/10 (30G)","Abarrotes","LEHEGA","2026-10-07",78.60,94.50,98.50
"DUL MAZAPAN GIGANTE C/20 (16G)","Abarrotes","LEHEGA","2026-10-07",100.75,121.00,126.00
"AGUA OXIGENADA JALOMA 112 ML","Farmacia","LEHEGA","2026-10-07",9.80,12.00,12.50
"AGUA OXIGENADA JALOMA 112 ML","Farmacia","DISPER","2026-09-29",9.00,11.00,11.50
"AMPICILINA (MEXAPIN) 500 MG CAPS C/20","Farmacia","LEHEGA","2026-10-07",48.00,58.00,60.00
"AMPICILINA (MEXAPIN) 500 MG CAPS C/20","Farmacia","KRUKA","2026-10-05",42.00,50.50,52.50
"FLANAX DE 550 C/12","Farmacia","LEHEGA","2026-10-07",178.00,214.00,222.50
"TERRAMICINA TROCISCO C/24","Farmacia","LEHEGA","2026-10-07",196.72,236.50,246.00
"XL-3 EXTRA C/12","Farmacia","LEHEGA","2026-10-07",32.64,39.50,41.00
"XL-3 EXTRA C/12","Farmacia","KRUKA","2026-10-05",45.00,54.00,56.50
"ACEITE MENNEN 50 ML","Farmacia","LEHEGA","2026-10-07",21.00,25.50,26.50
"CREMA PONDS CLARAN B3 50 G","Farmacia","LEHEGA","2026-10-07",34.00,41.00,42.50
"CREMA PONDS S 50 G","Farmacia","LEHEGA","2026-10-07",24.00,29.00,30.00
"PEINE COLITA PREMIER #550 C/12","Abarrotes","LEHEGA","2026-10-07",63.00,76.00,79.00
"REPELENTE P/MOSQUITOS JALOMA 60 ML","Farmacia","LEHEGA","2026-10-07",20.00,24.00,25.00
"SILICA JALOMA ORQUIDEA C/ KERATINA 60 ML","Farmacia","LEHEGA","2026-10-07",25.00,30.00,31.50
"LAVATRASTES SALVO LIQUIDO LIMON 300 ML","Abarrotes","Consumo Z","2026-10-07",18.05,22.00,22.50
"LAVATRASTES SALVO LIQUIDO LIMON 300 ML","Abarrotes","LEHEGA","2026-09-30",18.87,23.00,23.50
"DETERGENTE ARIEL LIQUIDO REBITACOLOR POUCH 400 ML","Abarrotes","Consumo Z","2026-10-07",15.89,19.00,20.00
"DETERGENTE ARIEL LIQUIDO REBITACOLOR POUCH 400 ML","Abarrotes","Consumo Z","2026-09-30",15.00,18.00,19.00
"SUAVIZANTE DOWNY FLORAL 730 ML","Abarrotes","Consumo Z","2026-10-07",25.03,30.00,31.50
"SUAVIZANTE DOWNY FLORAL 730 ML","Abarrotes","Consumo Z","2026-09-30",23.50,28.50,29.50
"SUAVIZANTE DOWNY PUREZA INTENSE 730 ML","Abarrotes","Consumo Z","2026-10-07",25.03,30.00,31.50
"TOALLA NATURELLA NOCHE C/ALAS 8 UD","Abarrotes","Consumo Z","2026-10-07",21.59,26.00,27.00
"ANTITRANSPIRANTE SECRET CLEAR GEL OBLOSSOM 45 G","Abarrotes","Consumo Z","2026-10-07",47.50,57.00,59.50
